Employee_ID,Employee Name,Age,Department,Joining Date,Salary,Address
101,Employee_101,52,HR,02/06/20,74776,49 Example Street
102,Employee_102,56,Sales,01/05/18,,214 Example Street
103,Employee_103,35,Marketing,13/01/18,87947,963 Example Street
104,Employee_104,57,Finance,07/04/19,,26 Example Street
105,Employee_105,28,Sales,18/02/17,INVALID,828 Example Street
106,Employee_106,52,HR,06/04/19,,971 Example Street
107,Employee_107,50,HR,26/12/19,,268 Example Street
108,Employee_108,33,Marketing,05/03/15,,648 Example Street
109,Employee_109,,HR,20/05/15,,280 Example Street
110,Employee_110,29,IT,30/05/19,INVALID,319 Example Street
111,Employee_111,35,,30/11/15,,215 Example Street
112,Employee_112,45,Sales,02/10/18,INVALID,127 Example Street
113,Employee_113,51,Marketing,24/02/20,75562,936 Example Street
114,Employee_114,43,Marketing,05/09/16,,201 Example Street
115,Employee_115,60,Finance,18/05/21,,569 Example Street
116,Employee_116,53,Finance,09/09/16,35828,617 Example Street
117,Employee_117,,Finance,16/03/18,,488 Example Street
118,Employee_118,56,,11/04/21,60056,55 Example Street
119,Employee_119,34,IT,31/07/16,,518 Example Street
120,Employee_120,41,Sales,21/08/18,INVALID,689 Example Street
121,Employee_121,57,IT,08/08/18,65459,525 Example Street
122,Employee_122,26,Marketing,24/09/20,INVALID,819 Example Street
123,Employee_123,26,HR,31/12/16,INVALID,631 Example Street
124,Employee_124,,Finance,01/10/20,,687 Example Street
125,Employee_125,22,Finance,09/03/18,,56 Example Street
126,Employee_126,51,IT,02/02/16,98982,348 Example Street
127,Employee_127,34,IT,18/05/19,INVALID,381 Example Street
128,Employee_128,56,Sales,19/11/18,,221 Example Street
129,Employee_129,35,Finance,02/04/19,30060,218 Example Street
130,Employee_130,51,,27/10/15,108393,640 Example Street
131,Employee_131,48,HR,22/07/19,,743 Example Street
132,Employee_132,28,HR,11/03/17,46391,290 Example Street
133,Employee_133,45,IT,10/01/17,,176 Example Street
134,Employee_134,42,Marketing,19/02/20,INVALID,735 Example Street
135,Employee_135,35,IT,23/03/16,,898 Example Street
136,Employee_136,28,,01/07/18,,897 Example Street
137,Employee_137,58,Sales,26/01/16,,312 Example Street
138,Employee_138,37,HR,11/07/15,,592 Example Street
139,Employee_139,,Finance,02/12/18,,817 Example Street
140,Employee_140,51,IT,30/06/15,INVALID,85 Example Street
141,Employee_141,26,Finance,31/07/20,116272,551 Example Street
142,Employee_142,29,HR,06/05/17,,552 Example Street
143,Employee_143,40,Marketing,01/03/15,,585 Example Street
144,Employee_144,25,Marketing,31/12/20,40411,100 Example Street
145,Employee_145,56,,06/09/22,,471 Example Street
146,Employee_146,25,HR,24/10/20,86543,588 Example Street
147,Employee_147,53,Finance,02/01/19,,466 Example Street
148,Employee_148,50,Finance,02/04/21,,757 Example Street
149,Employee_149,51,Finance,08/07/17,43554,613 Example Street
150,Employee_150,58,Marketing,18/11/20,,746 Example Street
151,Employee_151,49,Marketing,19/07/19,87407,430 Example Street
152,Employee_152,52,HR,14/08/22,INVALID,877 Example Street
153,Employee_153,56,HR,24/12/16,78778,368 Example Street
154,Employee_154,32,,04/04/15,,983 Example Street
155,Employee_155,56,Sales,08/08/15,,82 Example Street
156,Employee_156,41,Finance,12/07/17,110575,569 Example Street
157,Employee_157,54,Sales,27/06/15,,324 Example Street
158,Employee_158,57,IT,25/08/18,,233 Example Street
159,Employee_159,46,Finance,12/02/18,,566 Example Street
160,Employee_160,60,Sales,25/02/22,,497 Example Street
161,Employee_161,49,Sales,24/08/19,78316,954 Example Street
162,Employee_162,48,Finance,29/06/20,,591 Example Street
163,Employee_163,60,Marketing,31/07/19,,900 Example Street
164,Employee_164,34,IT,04/01/15,INVALID,117 Example Street
165,Employee_165,26,Sales,30/08/20,,216 Example Street
166,Employee_166,56,Sales,21/08/18,,251 Example Street
167,Employee_167,32,,08/01/19,99764,127 Example Street
168,Employee_168,55,Marketing,03/10/16,,823 Example Street
169,Employee_169,59,Sales,05/04/18,,655 Example Street
170,Employee_170,37,Finance,11/10/16,INVALID,212 Example Street
171,Employee_171,40,HR,04/01/19,INVALID,814 Example Street
172,Employee_172,52,Sales,01/01/15,63886,51 Example Street
173,Employee_173,48,Sales,25/09/20,,783 Example Street
174,Employee_174,30,Sales,04/07/15,,652 Example Street
175,Employee_175,26,IT,02/05/17,,86 Example Street
176,Employee_176,33,Finance,07/05/19,60269,624 Example Street
177,Employee_177,59,Finance,16/01/21,,476 Example Street
178,Employee_178,27,Sales,17/01/22,,441 Example Street
179,Employee_179,47,IT,16/01/15,INVALID,716 Example Street
180,Employee_180,34,Finance,10/10/18,,941 Example Street
181,Employee_181,54,Marketing,26/02/21,INVALID,679 Example Street
182,Employee_182,51,Finance,14/10/18,51750,948 Example Street
183,Employee_183,36,Sales,30/06/22,,875 Example Street
184,Employee_184,37,HR,15/01/18,76693,469 Example Street
185,Employee_185,26,Sales,06/05/20,,579 Example Street
186,Employee_186,45,Finance,07/12/18,INVALID,471 Example Street
187,Employee_187,44,IT,27/12/17,,807 Example Street
188,Employee_188,42,Finance,17/07/20,105016,625 Example Street
189,,34,Sales,,INVALID,
190,Employee_190,53,Sales,05/05/19,118990,674 Example Street
191,Employee_191,34,Sales,25/07/18,INVALID,688 Example Street
192,Employee_192,43,IT,27/02/18,INVALID,220 Example Street
193,Employee_193,44,Sales,14/11/15,INVALID,440 Example Street
194,Employee_194,47,IT,08/08/15,INVALID,802 Example Street
195,Employee_195,22,Sales,08/09/15,,830 Example Street
196,Employee_196,34,IT,28/02/22,,537 Example Street
197,Employee_197,60,Finance,08/03/19,INVALID,548 Example Street
198,Employee_198,31,HR,01/07/21,,775 Example Street
199,Employee_199,46,Finance,20/09/19,,527 Example Street
200,Employee_200,59,Sales,21/01/20,95964,183 Example Street